,id,county_fips,osm_id,segment_length_m,segment_id,year,month,match_dir,day_type,day_part,trips_volume,trips_sample_count,vmt,trips_volume_masked,trips_sample_count_masked
count,2825075.0,2825075.0,2825075.0,2825075.0,2825075.0,2825075.0,2825075.0,2825075.0,2825075.0,2825075.0,2825075.0,2825075.0,2825075.0,2825075.0,2825075.0
mean,7929517.790439546,22095.97113492562,306453844.1449519,291.6980627296618,3064538441449525.0,2023.0,3.0,2.001180499632753,-3.0,-10.0,5930.423174605984,49147.156446466026,854.7130115129687,5929.339326566551,698.9738321991451
std,4804406.359237728,12454.69686458997,350870226.56631297,516.2250812616804,3508702265663125.5,0.0,0.0,0.8734581067063063,0.0,0.0,9331.254524301354,95154.27713790753,4193.641895364361,9524.582998141243,1147.0354644612019
min,783747.0,12001.0,4342791.0,15.001,43427910000001.0,2023.0,3.0,1.0,-3.0,-10.0,0.0,0.0,0.0,0.0,0.0
25%,4279487.5,12099.0,15540532.0,62.603,155405320000002.0,2023.0,3.0,1.0,-3.0,-10.0,913.0,5163.0,69.0,892.0,103.0
50%,5971657.0,13185.0,136681133.0,121.137,1366811330000008.0,2023.0,3.0,2.0,-3.0,-10.0,3012.0,19608.0,221.0,2952.0,341.0
75%,12420334.5,36029.0,558956782.0,293.069,5589567820000001.0,2023.0,3.0,3.0,-3.0,-10.0,7375.0,55999.0,623.0,7307.0,852.0
max,18288939.0,54109.0,1136811618.0,24785.9,1.136811618e+16,2023.0,3.0,3.0,-3.0,-10.0,232019.0,2580889.0,470597.0,272454.0,41374.0
